Page,Lesson Text,image name
1,Example lesson text…..Example lesson text…..Example lesson text…..Example lesson text…..Example lesson text…..Example lesson text…..Example lesson text…..Example lesson text…..Example lesson text…..Example lesson text…..Example lesson text…..Example lesson text…..Example lesson text…..Example lesson text…..Example lesson text…..Example lesson text…..Example lesson text…..Example lesson text…..Example lesson text…..Example lesson text…..Example lesson text…..Example lesson text…..Example lesson text…..Example lesson text…..Example lesson text…..Example lesson text…..Example lesson text…..Example lesson text…..Example lesson text…..Example lesson text…..Example lesson text…..Example lesson text…..Example lesson text…..Example lesson text…..Example lesson text…..,image name
2,Example lesson text…..Example lesson text…..Example lesson text…..Example lesson text…..Example lesson text…..Example lesson text…..Example lesson text…..Example lesson text…..Example lesson text…..Example lesson text…..Example lesson text…..Example lesson text…..Example lesson text…..Example lesson text…..Example lesson text…..Example lesson text…..Example lesson text…..Example lesson text…..Example lesson text…..Example lesson text…..Example lesson text…..Example lesson text…..Example lesson text…..Example lesson text…..Example lesson text…..Example lesson text…..Example lesson text…..Example lesson text…..Example lesson text…..Example lesson text…..Example lesson text…..Example lesson text…..Example lesson text…..Example lesson text…..Example lesson text…..,image name
3,Example lesson text…..Example lesson text…..Example lesson text…..Example lesson text…..Example lesson text…..Example lesson text…..Example lesson text…..Example lesson text…..Example lesson text…..Example lesson text…..Example lesson text…..Example lesson text…..Example lesson text…..Example lesson text…..Example lesson text…..Example lesson text…..Example lesson text…..Example lesson text…..Example lesson text…..Example lesson text…..Example lesson text…..Example lesson text…..Example lesson text…..Example lesson text…..Example lesson text…..Example lesson text…..Example lesson text…..Example lesson text…..Example lesson text…..Example lesson text…..Example lesson text…..Example lesson text…..Example lesson text…..Example lesson text…..Example lesson text…..,image name
4,Example lesson text…..Example lesson text…..Example lesson text…..Example lesson text…..Example lesson text…..Example lesson text…..Example lesson text…..Example lesson text…..Example lesson text…..Example lesson text…..Example lesson text…..Example lesson text…..Example lesson text…..Example lesson text…..Example lesson text…..Example lesson text…..Example lesson text…..Example lesson text…..Example lesson text…..Example lesson text…..Example lesson text…..Example lesson text…..Example lesson text…..Example lesson text…..Example lesson text…..Example lesson text…..Example lesson text…..Example lesson text…..Example lesson text…..Example lesson text…..Example lesson text…..Example lesson text…..Example lesson text…..Example lesson text…..Example lesson text…..,image name
5,Example lesson text…..Example lesson text…..Example lesson text…..Example lesson text…..Example lesson text…..Example lesson text…..Example lesson text…..Example lesson text…..Example lesson text…..Example lesson text…..Example lesson text…..Example lesson text…..Example lesson text…..Example lesson text…..Example lesson text…..Example lesson text…..Example lesson text…..Example lesson text…..Example lesson text…..Example lesson text…..Example lesson text…..Example lesson text…..Example lesson text…..Example lesson text…..Example lesson text…..Example lesson text…..Example lesson text…..Example lesson text…..Example lesson text…..Example lesson text…..Example lesson text…..Example lesson text…..Example lesson text…..Example lesson text…..Example lesson text…..,image name
6,Example lesson text…..Example lesson text…..Example lesson text…..Example lesson text…..Example lesson text…..Example lesson text…..Example lesson text…..Example lesson text…..Example lesson text…..Example lesson text…..Example lesson text…..Example lesson text…..Example lesson text…..Example lesson text…..Example lesson text…..Example lesson text…..Example lesson text…..Example lesson text…..Example lesson text…..Example lesson text…..Example lesson text…..Example lesson text…..Example lesson text…..Example lesson text…..Example lesson text…..Example lesson text…..Example lesson text…..Example lesson text…..Example lesson text…..Example lesson text…..Example lesson text…..Example lesson text…..Example lesson text…..Example lesson text…..Example lesson text…..,image name
7,Example lesson text…..Example lesson text…..Example lesson text…..Example lesson text…..Example lesson text…..Example lesson text…..Example lesson text…..Example lesson text…..Example lesson text…..Example lesson text…..Example lesson text…..Example lesson text…..Example lesson text…..Example lesson text…..Example lesson text…..Example lesson text…..Example lesson text…..Example lesson text…..Example lesson text…..Example lesson text…..Example lesson text…..Example lesson text…..Example lesson text…..Example lesson text…..Example lesson text…..Example lesson text…..Example lesson text…..Example lesson text…..Example lesson text…..Example lesson text…..Example lesson text…..Example lesson text…..Example lesson text…..Example lesson text…..Example lesson text…..,image name
8,Example lesson text…..Example lesson text…..Example lesson text…..Example lesson text…..Example lesson text…..Example lesson text…..Example lesson text…..Example lesson text…..Example lesson text…..Example lesson text…..Example lesson text…..Example lesson text…..Example lesson text…..Example lesson text…..Example lesson text…..Example lesson text…..Example lesson text…..Example lesson text…..Example lesson text…..Example lesson text…..Example lesson text…..Example lesson text…..Example lesson text…..Example lesson text…..Example lesson text…..Example lesson text…..Example lesson text…..Example lesson text…..Example lesson text…..Example lesson text…..Example lesson text…..Example lesson text…..Example lesson text…..Example lesson text…..Example lesson text…..,image name
9,Example lesson text…..Example lesson text…..Example lesson text…..Example lesson text…..Example lesson text…..Example lesson text…..Example lesson text…..Example lesson text…..Example lesson text…..Example lesson text…..Example lesson text…..Example lesson text…..Example lesson text…..Example lesson text…..Example lesson text…..Example lesson text…..Example lesson text…..Example lesson text…..Example lesson text…..Example lesson text…..Example lesson text…..Example lesson text…..Example lesson text…..Example lesson text…..Example lesson text…..Example lesson text…..Example lesson text…..Example lesson text…..Example lesson text…..Example lesson text…..Example lesson text…..Example lesson text…..Example lesson text…..Example lesson text…..Example lesson text…..,image name
10,Example lesson text…..Example lesson text…..Example lesson text…..Example lesson text…..Example lesson text…..Example lesson text…..Example lesson text…..Example lesson text…..Example lesson text…..Example lesson text…..Example lesson text…..Example lesson text…..Example lesson text…..Example lesson text…..Example lesson text…..Example lesson text…..Example lesson text…..Example lesson text…..Example lesson text…..Example lesson text…..Example lesson text…..Example lesson text…..Example lesson text…..Example lesson text…..Example lesson text…..Example lesson text…..Example lesson text…..Example lesson text…..Example lesson text…..Example lesson text…..Example lesson text…..Example lesson text…..Example lesson text…..Example lesson text…..Example lesson text…..,image name
